id,x,y,deg
001_0,s0.0,s0.0,s338.0
002_0,s0.0,s0.0,s338.0
002_1,s0.56423,s0.0,s338.0
003_0,s0.0,s0.0,s338.0
003_1,s0.56423,s0.0,s338.0
003_2,s0.08787,s0.96234,s158.0
004_0,s0.0,s0.0,s338.0
004_1,s0.56423,s0.0,s338.0
004_2,s0.08787,s0.96234,s158.0
004_3,s0.6521,s0.96234,s158.0
005_0,s0.0,s0.0,s338.0
005_1,s0.56423,s0.0,s338.0
005_2,s1.12846,s0.0,s338.0
005_3,s0.08787,s0.96234,s158.0
005_4,s0.6521,s0.96234,s158.0
006_0,s0.0,s0.0,s338.0
006_1,s0.56423,s0.0,s338.0
006_2,s1.12846,s0.0,s338.0
006_3,s0.08787,s0.96234,s158.0
006_4,s0.6521,s0.96234,s158.0
006_5,s1.21633,s0.96234,s158.0
007_0,s0.0,s0.0,s338.0
007_1,s0.56423,s0.0,s338.0
007_2,s1.12846,s0.0,s338.0
007_3,s0.08787,s0.96234,s158.0
007_4,s0.6521,s0.96234,s158.0
007_5,s1.21633,s0.96234,s158.0
007_6,s0.0,s1.530838,s260.0
008_0,s0.0,s0.0,s338.0
008_1,s0.56423,s0.0,s338.0
008_2,s1.12846,s0.0,s338.0
008_3,s0.08787,s0.96234,s158.0
008_4,s0.6521,s0.96234,s158.0
008_5,s1.21633,s0.96234,s158.0
008_6,s0.0,s1.530838,s260.0
008_7,s0.97087,s1.633178,s80.0
009_0,s0.0,s0.0,s338.0
009_1,s0.56423,s0.0,s338.0
009_2,s1.12846,s0.0,s338.0
009_3,s0.08787,s0.96234,s158.0
009_4,s0.6521,s0.96234,s158.0
009_5,s1.21633,s0.96234,s158.0
009_6,s0.0,s1.236,s338.0
009_7,s0.56423,s1.236,s338.0
009_8,s1.12846,s1.236,s338.0
010_0,s0.0,s0.0,s338.0
010_1,s0.56423,s0.0,s338.0
010_2,s1.12846,s0.0,s338.0
010_3,s1.69269,s0.0,s338.0
010_4,s0.08787,s0.96234,s158.0
010_5,s0.6521,s0.96234,s158.0
010_6,s1.21633,s0.96234,s158.0
010_7,s1.78056,s0.96234,s158.0
010_8,s0.0,s1.530838,s260.0
010_9,s1.4118,s1.530838,s260.0
011_0,s0.0,s0.0,s338.0
011_1,s0.56423,s0.0,s338.0
011_2,s1.12846,s0.0,s338.0
011_3,s1.69269,s0.0,s338.0
011_4,s0.08787,s0.96234,s158.0
011_5,s0.6521,s0.96234,s158.0
011_6,s1.21633,s0.96234,s158.0
011_7,s1.78056,s0.96234,s158.0
011_8,s0.0,s1.530838,s260.0
011_9,s1.4118,s1.530838,s260.0
011_10,s0.97087,s1.633178,s80.0
012_0,s0.0,s0.0,s338.0
012_1,s0.56423,s0.0,s338.0
012_2,s1.12846,s0.0,s338.0
012_3,s1.69269,s0.0,s338.0
012_4,s0.08787,s0.96234,s158.0
012_5,s0.6521,s0.96234,s158.0
012_6,s1.21633,s0.96234,s158.0
012_7,s1.78056,s0.96234,s158.0
012_8,s0.0,s1.236,s338.0
012_9,s0.56423,s1.236,s338.0
012_10,s1.12846,s1.236,s338.0
012_11,s1.69269,s1.236,s338.0
013_0,s0.0,s0.0,s338.0
013_1,s0.56423,s0.0,s338.0
013_2,s1.12846,s0.0,s338.0
013_3,s1.69269,s0.0,s338.0
013_4,s0.08787,s0.96234,s158.0
013_5,s0.6521,s0.96234,s158.0
013_6,s1.21633,s0.96234,s158.0
013_7,s1.78056,s0.96234,s158.0
013_8,s0.0,s1.236,s338.0
013_9,s0.56423,s1.236,s338.0
013_10,s1.12846,s1.236,s338.0
013_11,s1.69269,s1.236,s338.0
013_12,s0.08787,s2.19834,s158.0
014_0,s0.0,s0.0,s338.0
014_1,s0.56423,s0.0,s338.0
014_2,s1.12846,s0.0,s338.0
014_3,s1.69269,s0.0,s338.0
014_4,s0.08787,s0.96234,s158.0
014_5,s0.6521,s0.96234,s158.0
014_6,s1.21633,s0.96234,s158.0
014_7,s1.78056,s0.96234,s158.0
014_8,s0.0,s1.236,s338.0
014_9,s0.56423,s1.236,s338.0
014_10,s1.12846,s1.236,s338.0
014_11,s1.69269,s1.236,s338.0
014_12,s0.08787,s2.19834,s158.0
014_13,s0.6521,s2.19834,s158.0
015_0,s0.0,s0.0,s338.0
015_1,s0.56423,s0.0,s338.0
015_2,s1.12846,s0.0,s338.0
015_3,s1.69269,s0.0,s338.0
015_4,s0.08787,s0.96234,s158.0
015_5,s0.6521,s0.96234,s158.0
015_6,s1.21633,s0.96234,s158.0
015_7,s1.78056,s0.96234,s158.0
015_8,s0.0,s1.236,s338.0
015_9,s0.56423,s1.236,s338.0
015_10,s1.12846,s1.236,s338.0
015_11,s1.69269,s1.236,s338.0
015_12,s0.08787,s2.19834,s158.0
015_13,s0.6521,s2.19834,s158.0
015_14,s1.21633,s2.19834,s158.0
016_0,s0.0,s0.0,s338.0
016_1,s0.56423,s0.0,s338.0
016_2,s1.12846,s0.0,s338.0
016_3,s1.69269,s0.0,s338.0
016_4,s0.08787,s0.96234,s158.0
016_5,s0.6521,s0.96234,s158.0
016_6,s1.21633,s0.96234,s158.0
016_7,s1.78056,s0.96234,s158.0
016_8,s0.0,s1.236,s338.0
016_9,s0.56423,s1.236,s338.0
016_10,s1.12846,s1.236,s338.0
016_11,s1.69269,s1.236,s338.0
016_12,s0.08787,s2.19834,s158.0
016_13,s0.6521,s2.19834,s158.0
016_14,s1.21633,s2.19834,s158.0
016_15,s1.78056,s2.19834,s158.0
017_0,s0.0,s0.0,s338.0
017_1,s0.56423,s0.0,s338.0
017_2,s1.12846,s0.0,s338.0
017_3,s1.69269,s0.0,s338.0
017_4,s2.25692,s0.0,s338.0
017_5,s0.08787,s0.96234,s158.0
017_6,s0.6521,s0.96234,s158.0
017_7,s1.21633,s0.96234,s158.0
017_8,s1.78056,s0.96234,s158.0
017_9,s2.34479,s0.96234,s158.0
017_10,s0.0,s1.236,s338.0
017_11,s0.56423,s1.236,s338.0
017_12,s1.12846,s1.236,s338.0
017_13,s1.69269,s1.236,s338.0
017_14,s2.25692,s1.236,s338.0
017_15,s0.08787,s2.19834,s158.0
017_16,s0.6521,s2.19834,s158.0
018_0,s0.0,s0.0,s338.0
018_1,s0.56423,s0.0,s338.0
018_2,s1.12846,s0.0,s338.0
018_3,s1.69269,s0.0,s338.0
018_4,s2.25692,s0.0,s338.0
018_5,s0.08787,s0.96234,s158.0
018_6,s0.6521,s0.96234,s158.0
018_7,s1.21633,s0.96234,s158.0
018_8,s1.78056,s0.96234,s158.0
018_9,s2.34479,s0.96234,s158.0
018_10,s0.0,s1.236,s338.0
018_11,s0.56423,s1.236,s338.0
018_12,s1.12846,s1.236,s338.0
018_13,s1.69269,s1.236,s338.0
018_14,s2.25692,s1.236,s338.0
018_15,s0.08787,s2.19834,s158.0
018_16,s0.6521,s2.19834,s158.0
018_17,s1.21633,s2.19834,s158.0
019_0,s0.0,s0.0,s338.0
019_1,s0.56423,s0.0,s338.0
019_2,s1.12846,s0.0,s338.0
019_3,s1.69269,s0.0,s338.0
019_4,s2.25692,s0.0,s338.0
019_5,s0.08787,s0.96234,s158.0
019_6,s0.6521,s0.96234,s158.0
019_7,s1.21633,s0.96234,s158.0
019_8,s1.78056,s0.96234,s158.0
019_9,s2.34479,s0.96234,s158.0
019_10,s0.0,s1.236,s338.0
019_11,s0.56423,s1.236,s338.0
019_12,s1.12846,s1.236,s338.0
019_13,s1.69269,s1.236,s338.0
019_14,s2.25692,s1.236,s338.0
019_15,s0.08787,s2.19834,s158.0
019_16,s0.6521,s2.19834,s158.0
019_17,s1.21633,s2.19834,s158.0
019_18,s1.78056,s2.19834,s158.0
020_0,s0.0,s0.0,s338.0
020_1,s0.56423,s0.0,s338.0
020_2,s1.12846,s0.0,s338.0
020_3,s1.69269,s0.0,s338.0
020_4,s2.25692,s0.0,s338.0
020_5,s0.08787,s0.96234,s158.0
020_6,s0.6521,s0.96234,s158.0
020_7,s1.21633,s0.96234,s158.0
020_8,s1.78056,s0.96234,s158.0
020_9,s2.34479,s0.96234,s158.0
020_10,s0.0,s1.236,s338.0
020_11,s0.56423,s1.236,s338.0
020_12,s1.12846,s1.236,s338.0
020_13,s1.69269,s1.236,s338.0
020_14,s2.25692,s1.236,s338.0
020_15,s0.08787,s2.19834,s158.0
020_16,s0.6521,s2.19834,s158.0
020_17,s1.21633,s2.19834,s158.0
020_18,s1.78056,s2.19834,s158.0
020_19,s2.34479,s2.19834,s158.0
021_0,s0.0,s0.0,s338.0
021_1,s0.56423,s0.0,s338.0
021_2,s1.12846,s0.0,s338.0
021_3,s1.69269,s0.0,s338.0
021_4,s2.25692,s0.0,s338.0
021_5,s0.08787,s0.96234,s158.0
021_6,s0.6521,s0.96234,s158.0
021_7,s1.21633,s0.96234,s158.0
021_8,s1.78056,s0.96234,s158.0
021_9,s2.34479,s0.96234,s158.0
021_10,s0.0,s1.236,s338.0
021_11,s0.56423,s1.236,s338.0
021_12,s1.12846,s1.236,s338.0
021_13,s1.69269,s1.236,s338.0
021_14,s2.25692,s1.236,s338.0
021_15,s0.08787,s2.19834,s158.0
021_16,s0.6521,s2.19834,s158.0
021_17,s1.21633,s2.19834,s158.0
021_18,s1.78056,s2.19834,s158.0
021_19,s2.34479,s2.19834,s158.0
021_20,s0.0,s2.766838,s260.0
022_0,s0.0,s0.0,s338.0
022_1,s0.56423,s0.0,s338.0
022_2,s1.12846,s0.0,s338.0
022_3,s1.69269,s0.0,s338.0
022_4,s2.25692,s0.0,s338.0
022_5,s0.08787,s0.96234,s158.0
022_6,s0.6521,s0.96234,s158.0
022_7,s1.21633,s0.96234,s158.0
022_8,s1.78056,s0.96234,s158.0
022_9,s2.34479,s0.96234,s158.0
022_10,s0.0,s1.236,s338.0
022_11,s0.56423,s1.236,s338.0
022_12,s1.12846,s1.236,s338.0
022_13,s1.69269,s1.236,s338.0
022_14,s2.25692,s1.236,s338.0
022_15,s0.08787,s2.19834,s158.0
022_16,s0.6521,s2.19834,s158.0
022_17,s1.21633,s2.19834,s158.0
022_18,s1.78056,s2.19834,s158.0
022_19,s2.34479,s2.19834,s158.0
022_20,s0.0,s2.766838,s260.0
022_21,s1.4118,s2.766838,s260.0
023_0,s0.0,s0.0,s338.0
023_1,s0.56423,s0.0,s338.0
023_2,s1.12846,s0.0,s338.0
023_3,s1.69269,s0.0,s338.0
023_4,s2.25692,s0.0,s338.0
023_5,s0.08787,s0.96234,s158.0
023_6,s0.6521,s0.96234,s158.0
023_7,s1.21633,s0.96234,s158.0
023_8,s1.78056,s0.96234,s158.0
023_9,s2.34479,s0.96234,s158.0
023_10,s0.0,s1.236,s338.0
023_11,s0.56423,s1.236,s338.0
023_12,s1.12846,s1.236,s338.0
023_13,s1.69269,s1.236,s338.0
023_14,s2.25692,s1.236,s338.0
023_15,s0.08787,s2.19834,s158.0
023_16,s0.6521,s2.19834,s158.0
023_17,s1.21633,s2.19834,s158.0
023_18,s1.78056,s2.19834,s158.0
023_19,s2.34479,s2.19834,s158.0
023_20,s0.0,s2.766838,s260.0
023_21,s1.4118,s2.766838,s260.0
023_22,s0.97087,s2.869178,s80.0
024_0,s0.0,s0.0,s338.0
024_1,s0.56423,s0.0,s338.0
024_2,s1.12846,s0.0,s338.0
024_3,s1.69269,s0.0,s338.0
024_4,s2.25692,s0.0,s338.0
024_5,s0.08787,s0.96234,s158.0
024_6,s0.6521,s0.96234,s158.0
024_7,s1.21633,s0.96234,s158.0
024_8,s1.78056,s0.96234,s158.0
024_9,s2.34479,s0.96234,s158.0
024_10,s0.0,s1.236,s338.0
024_11,s0.56423,s1.236,s338.0
024_12,s1.12846,s1.236,s338.0
024_13,s1.69269,s1.236,s338.0
024_14,s2.25692,s1.236,s338.0
024_15,s0.08787,s2.19834,s158.0
024_16,s0.6521,s2.19834,s158.0
024_17,s1.21633,s2.19834,s158.0
024_18,s1.78056,s2.19834,s158.0
024_19,s2.34479,s2.19834,s158.0
024_20,s0.0,s2.766838,s260.0
024_21,s1.4118,s2.766838,s260.0
024_22,s0.97087,s2.869178,s80.0
024_23,s2.38267,s2.869178,s80.0
025_0,s0.0,s0.0,s338.0
025_1,s0.56423,s0.0,s338.0
025_2,s1.12846,s0.0,s338.0
025_3,s1.69269,s0.0,s338.0
025_4,s2.25692,s0.0,s338.0
025_5,s0.08787,s0.96234,s158.0
025_6,s0.6521,s0.96234,s158.0
025_7,s1.21633,s0.96234,s158.0
025_8,s1.78056,s0.96234,s158.0
025_9,s2.34479,s0.96234,s158.0
025_10,s0.0,s1.236,s338.0
025_11,s0.56423,s1.236,s338.0
025_12,s1.12846,s1.236,s338.0
025_13,s1.69269,s1.236,s338.0
025_14,s2.25692,s1.236,s338.0
025_15,s0.08787,s2.19834,s158.0
025_16,s0.6521,s2.19834,s158.0
025_17,s1.21633,s2.19834,s158.0
025_18,s1.78056,s2.19834,s158.0
025_19,s2.34479,s2.19834,s158.0
025_20,s0.0,s2.472,s338.0
025_21,s0.56423,s2.472,s338.0
025_22,s1.12846,s2.472,s338.0
025_23,s1.69269,s2.472,s338.0
025_24,s2.25692,s2.472,s338.0
026_0,s0.0,s0.0,s338.0
026_1,s0.56423,s0.0,s338.0
026_2,s1.12846,s0.0,s338.0
026_3,s1.69269,s0.0,s338.0
026_4,s2.25692,s0.0,s338.0
026_5,s2.82115,s0.0,s338.0
026_6,s0.08787,s0.96234,s158.0
026_7,s0.6521,s0.96234,s158.0
026_8,s1.21633,s0.96234,s158.0
026_9,s1.78056,s0.96234,s158.0
026_10,s2.34479,s0.96234,s158.0
026_11,s2.90902,s0.96234,s158.0
026_12,s0.0,s1.236,s338.0
026_13,s0.56423,s1.236,s338.0
026_14,s1.12846,s1.236,s338.0
026_15,s1.69269,s1.236,s338.0
026_16,s2.25692,s1.236,s338.0
026_17,s2.82115,s1.236,s338.0
026_18,s0.08787,s2.19834,s158.0
026_19,s0.6521,s2.19834,s158.0
026_20,s1.21633,s2.19834,s158.0
026_21,s1.78056,s2.19834,s158.0
026_22,s2.34479,s2.19834,s158.0
026_23,s2.90902,s2.19834,s158.0
026_24,s0.0,s2.766838,s260.0
026_25,s1.4118,s2.766838,s260.0
027_0,s0.0,s0.0,s338.0
027_1,s0.56423,s0.0,s338.0
027_2,s1.12846,s0.0,s338.0
027_3,s1.69269,s0.0,s338.0
027_4,s2.25692,s0.0,s338.0
027_5,s2.82115,s0.0,s338.0
027_6,s0.08787,s0.96234,s158.0
027_7,s0.6521,s0.96234,s158.0
027_8,s1.21633,s0.96234,s158.0
027_9,s1.78056,s0.96234,s158.0
027_10,s2.34479,s0.96234,s158.0
027_11,s2.90902,s0.96234,s158.0
027_12,s0.0,s1.236,s338.0
027_13,s0.56423,s1.236,s338.0
027_14,s1.12846,s1.236,s338.0
027_15,s1.69269,s1.236,s338.0
027_16,s2.25692,s1.236,s338.0
027_17,s2.82115,s1.236,s338.0
027_18,s0.08787,s2.19834,s158.0
027_19,s0.6521,s2.19834,s158.0
027_20,s1.21633,s2.19834,s158.0
027_21,s1.78056,s2.19834,s158.0
027_22,s2.34479,s2.19834,s158.0
027_23,s2.90902,s2.19834,s158.0
027_24,s0.0,s2.766838,s260.0
027_25,s1.4118,s2.766838,s260.0
027_26,s2.8236,s2.766838,s260.0
028_0,s0.0,s0.0,s338.0
028_1,s0.56423,s0.0,s338.0
028_2,s1.12846,s0.0,s338.0
028_3,s1.69269,s0.0,s338.0
028_4,s2.25692,s0.0,s338.0
028_5,s2.82115,s0.0,s338.0
028_6,s0.08787,s0.96234,s158.0
028_7,s0.6521,s0.96234,s158.0
028_8,s1.21633,s0.96234,s158.0
028_9,s1.78056,s0.96234,s158.0
028_10,s2.34479,s0.96234,s158.0
028_11,s2.90902,s0.96234,s158.0
028_12,s0.0,s1.236,s338.0
028_13,s0.56423,s1.236,s338.0
028_14,s1.12846,s1.236,s338.0
028_15,s1.69269,s1.236,s338.0
028_16,s2.25692,s1.236,s338.0
028_17,s2.82115,s1.236,s338.0
028_18,s0.08787,s2.19834,s158.0
028_19,s0.6521,s2.19834,s158.0
028_20,s1.21633,s2.19834,s158.0
028_21,s1.78056,s2.19834,s158.0
028_22,s2.34479,s2.19834,s158.0
028_23,s2.90902,s2.19834,s158.0
028_24,s0.0,s2.766838,s260.0
028_25,s1.4118,s2.766838,s260.0
028_26,s2.8236,s2.766838,s260.0
028_27,s0.97087,s2.869178,s80.0
029_0,s0.0,s0.0,s338.0
029_1,s0.56423,s0.0,s338.0
029_2,s1.12846,s0.0,s338.0
029_3,s1.69269,s0.0,s338.0
029_4,s2.25692,s0.0,s338.0
029_5,s2.82115,s0.0,s338.0
029_6,s0.08787,s0.96234,s158.0
029_7,s0.6521,s0.96234,s158.0
029_8,s1.21633,s0.96234,s158.0
029_9,s1.78056,s0.96234,s158.0
029_10,s2.34479,s0.96234,s158.0
029_11,s2.90902,s0.96234,s158.0
029_12,s0.0,s1.236,s338.0
029_13,s0.56423,s1.236,s338.0
029_14,s1.12846,s1.236,s338.0
029_15,s1.69269,s1.236,s338.0
029_16,s2.25692,s1.236,s338.0
029_17,s2.82115,s1.236,s338.0
029_18,s0.08787,s2.19834,s158.0
029_19,s0.6521,s2.19834,s158.0
029_20,s1.21633,s2.19834,s158.0
029_21,s1.78056,s2.19834,s158.0
029_22,s2.34479,s2.19834,s158.0
029_23,s2.90902,s2.19834,s158.0
029_24,s0.0,s2.766838,s260.0
029_25,s1.4118,s2.766838,s260.0
029_26,s2.8236,s2.766838,s260.0
029_27,s0.97087,s2.869178,s80.0
029_28,s2.38267,s2.869178,s80.0
030_0,s0.0,s0.0,s338.0
030_1,s0.56423,s0.0,s338.0
030_2,s1.12846,s0.0,s338.0
030_3,s1.69269,s0.0,s338.0
030_4,s2.25692,s0.0,s338.0
030_5,s2.82115,s0.0,s338.0
030_6,s0.08787,s0.96234,s158.0
030_7,s0.6521,s0.96234,s158.0
030_8,s1.21633,s0.96234,s158.0
030_9,s1.78056,s0.96234,s158.0
030_10,s2.34479,s0.96234,s158.0
030_11,s2.90902,s0.96234,s158.0
030_12,s0.0,s1.236,s338.0
030_13,s0.56423,s1.236,s338.0
030_14,s1.12846,s1.236,s338.0
030_15,s1.69269,s1.236,s338.0
030_16,s2.25692,s1.236,s338.0
030_17,s2.82115,s1.236,s338.0
030_18,s0.08787,s2.19834,s158.0
030_19,s0.6521,s2.19834,s158.0
030_20,s1.21633,s2.19834,s158.0
030_21,s1.78056,s2.19834,s158.0
030_22,s2.34479,s2.19834,s158.0
030_23,s2.90902,s2.19834,s158.0
030_24,s0.0,s2.472,s338.0
030_25,s0.56423,s2.472,s338.0
030_26,s1.12846,s2.472,s338.0
030_27,s1.69269,s2.472,s338.0
030_28,s2.25692,s2.472,s338.0
030_29,s2.82115,s2.472,s338.0
031_0,s0.0,s0.0,s338.0
031_1,s0.56423,s0.0,s338.0
031_2,s1.12846,s0.0,s338.0
031_3,s1.69269,s0.0,s338.0
031_4,s2.25692,s0.0,s338.0
031_5,s2.82115,s0.0,s338.0
031_6,s0.08787,s0.96234,s158.0
031_7,s0.6521,s0.96234,s158.0
031_8,s1.21633,s0.96234,s158.0
031_9,s1.78056,s0.96234,s158.0
031_10,s2.34479,s0.96234,s158.0
031_11,s2.90902,s0.96234,s158.0
031_12,s0.0,s1.236,s338.0
031_13,s0.56423,s1.236,s338.0
031_14,s1.12846,s1.236,s338.0
031_15,s1.69269,s1.236,s338.0
031_16,s2.25692,s1.236,s338.0
031_17,s2.82115,s1.236,s338.0
031_18,s0.08787,s2.19834,s158.0
031_19,s0.6521,s2.19834,s158.0
031_20,s1.21633,s2.19834,s158.0
031_21,s1.78056,s2.19834,s158.0
031_22,s2.34479,s2.19834,s158.0
031_23,s2.90902,s2.19834,s158.0
031_24,s0.0,s2.472,s338.0
031_25,s0.56423,s2.472,s338.0
031_26,s1.12846,s2.472,s338.0
031_27,s1.69269,s2.472,s338.0
031_28,s2.25692,s2.472,s338.0
031_29,s2.82115,s2.472,s338.0
031_30,s0.08787,s3.43434,s158.0
032_0,s0.0,s0.0,s338.0
032_1,s0.56423,s0.0,s338.0
032_2,s1.12846,s0.0,s338.0
032_3,s1.69269,s0.0,s338.0
032_4,s2.25692,s0.0,s338.0
032_5,s2.82115,s0.0,s338.0
032_6,s0.08787,s0.96234,s158.0
032_7,s0.6521,s0.96234,s158.0
032_8,s1.21633,s0.96234,s158.0
032_9,s1.78056,s0.96234,s158.0
032_10,s2.34479,s0.96234,s158.0
032_11,s2.90902,s0.96234,s158.0
032_12,s0.0,s1.236,s338.0
032_13,s0.56423,s1.236,s338.0
032_14,s1.12846,s1.236,s338.0
032_15,s1.69269,s1.236,s338.0
032_16,s2.25692,s1.236,s338.0
032_17,s2.82115,s1.236,s338.0
032_18,s0.08787,s2.19834,s158.0
032_19,s0.6521,s2.19834,s158.0
032_20,s1.21633,s2.19834,s158.0
032_21,s1.78056,s2.19834,s158.0
032_22,s2.34479,s2.19834,s158.0
032_23,s2.90902,s2.19834,s158.0
032_24,s0.0,s2.472,s338.0
032_25,s0.56423,s2.472,s338.0
032_26,s1.12846,s2.472,s338.0
032_27,s1.69269,s2.472,s338.0
032_28,s2.25692,s2.472,s338.0
032_29,s2.82115,s2.472,s338.0
032_30,s0.08787,s3.43434,s158.0
032_31,s0.6521,s3.43434,s158.0
033_0,s0.0,s0.0,s338.0
033_1,s0.56423,s0.0,s338.0
033_2,s1.12846,s0.0,s338.0
033_3,s1.69269,s0.0,s338.0
033_4,s2.25692,s0.0,s338.0
033_5,s2.82115,s0.0,s338.0
033_6,s0.08787,s0.96234,s158.0
033_7,s0.6521,s0.96234,s158.0
033_8,s1.21633,s0.96234,s158.0
033_9,s1.78056,s0.96234,s158.0
033_10,s2.34479,s0.96234,s158.0
033_11,s2.90902,s0.96234,s158.0
033_12,s0.0,s1.236,s338.0
033_13,s0.56423,s1.236,s338.0
033_14,s1.12846,s1.236,s338.0
033_15,s1.69269,s1.236,s338.0
033_16,s2.25692,s1.236,s338.0
033_17,s2.82115,s1.236,s338.0
033_18,s0.08787,s2.19834,s158.0
033_19,s0.6521,s2.19834,s158.0
033_20,s1.21633,s2.19834,s158.0
033_21,s1.78056,s2.19834,s158.0
033_22,s2.34479,s2.19834,s158.0
033_23,s2.90902,s2.19834,s158.0
033_24,s0.0,s2.472,s338.0
033_25,s0.56423,s2.472,s338.0
033_26,s1.12846,s2.472,s338.0
033_27,s1.69269,s2.472,s338.0
033_28,s2.25692,s2.472,s338.0
033_29,s2.82115,s2.472,s338.0
033_30,s0.08787,s3.43434,s158.0
033_31,s0.6521,s3.43434,s158.0
033_32,s1.21633,s3.43434,s158.0
034_0,s0.0,s0.0,s338.0
034_1,s0.56423,s0.0,s338.0
034_2,s1.12846,s0.0,s338.0
034_3,s1.69269,s0.0,s338.0
034_4,s2.25692,s0.0,s338.0
034_5,s2.82115,s0.0,s338.0
034_6,s0.08787,s0.96234,s158.0
034_7,s0.6521,s0.96234,s158.0
034_8,s1.21633,s0.96234,s158.0
034_9,s1.78056,s0.96234,s158.0
034_10,s2.34479,s0.96234,s158.0
034_11,s2.90902,s0.96234,s158.0
034_12,s0.0,s1.236,s338.0
034_13,s0.56423,s1.236,s338.0
034_14,s1.12846,s1.236,s338.0
034_15,s1.69269,s1.236,s338.0
034_16,s2.25692,s1.236,s338.0
034_17,s2.82115,s1.236,s338.0
034_18,s0.08787,s2.19834,s158.0
034_19,s0.6521,s2.19834,s158.0
034_20,s1.21633,s2.19834,s158.0
034_21,s1.78056,s2.19834,s158.0
034_22,s2.34479,s2.19834,s158.0
034_23,s2.90902,s2.19834,s158.0
034_24,s0.0,s2.472,s338.0
034_25,s0.56423,s2.472,s338.0
034_26,s1.12846,s2.472,s338.0
034_27,s1.69269,s2.472,s338.0
034_28,s2.25692,s2.472,s338.0
034_29,s2.82115,s2.472,s338.0
034_30,s0.08787,s3.43434,s158.0
034_31,s0.6521,s3.43434,s158.0
034_32,s1.21633,s3.43434,s158.0
034_33,s1.78056,s3.43434,s158.0
035_0,s0.0,s0.0,s338.0
035_1,s0.56423,s0.0,s338.0
035_2,s1.12846,s0.0,s338.0
035_3,s1.69269,s0.0,s338.0
035_4,s2.25692,s0.0,s338.0
035_5,s2.82115,s0.0,s338.0
035_6,s0.08787,s0.96234,s158.0
035_7,s0.6521,s0.96234,s158.0
035_8,s1.21633,s0.96234,s158.0
035_9,s1.78056,s0.96234,s158.0
035_10,s2.34479,s0.96234,s158.0
035_11,s2.90902,s0.96234,s158.0
035_12,s0.0,s1.236,s338.0
035_13,s0.56423,s1.236,s338.0
035_14,s1.12846,s1.236,s338.0
035_15,s1.69269,s1.236,s338.0
035_16,s2.25692,s1.236,s338.0
035_17,s2.82115,s1.236,s338.0
035_18,s0.08787,s2.19834,s158.0
035_19,s0.6521,s2.19834,s158.0
035_20,s1.21633,s2.19834,s158.0
035_21,s1.78056,s2.19834,s158.0
035_22,s2.34479,s2.19834,s158.0
035_23,s2.90902,s2.19834,s158.0
035_24,s0.0,s2.472,s338.0
035_25,s0.56423,s2.472,s338.0
035_26,s1.12846,s2.472,s338.0
035_27,s1.69269,s2.472,s338.0
035_28,s2.25692,s2.472,s338.0
035_29,s2.82115,s2.472,s338.0
035_30,s0.08787,s3.43434,s158.0
035_31,s0.6521,s3.43434,s158.0
035_32,s1.21633,s3.43434,s158.0
035_33,s1.78056,s3.43434,s158.0
035_34,s2.34479,s3.43434,s158.0
036_0,s0.0,s0.0,s338.0
036_1,s0.56423,s0.0,s338.0
036_2,s1.12846,s0.0,s338.0
036_3,s1.69269,s0.0,s338.0
036_4,s2.25692,s0.0,s338.0
036_5,s2.82115,s0.0,s338.0
036_6,s0.08787,s0.96234,s158.0
036_7,s0.6521,s0.96234,s158.0
036_8,s1.21633,s0.96234,s158.0
036_9,s1.78056,s0.96234,s158.0
036_10,s2.34479,s0.96234,s158.0
036_11,s2.90902,s0.96234,s158.0
036_12,s0.0,s1.236,s338.0
036_13,s0.56423,s1.236,s338.0
036_14,s1.12846,s1.236,s338.0
036_15,s1.69269,s1.236,s338.0
036_16,s2.25692,s1.236,s338.0
036_17,s2.82115,s1.236,s338.0
036_18,s0.08787,s2.19834,s158.0
036_19,s0.6521,s2.19834,s158.0
036_20,s1.21633,s2.19834,s158.0
036_21,s1.78056,s2.19834,s158.0
036_22,s2.34479,s2.19834,s158.0
036_23,s2.90902,s2.19834,s158.0
036_24,s0.0,s2.472,s338.0
036_25,s0.56423,s2.472,s338.0
036_26,s1.12846,s2.472,s338.0
036_27,s1.69269,s2.472,s338.0
036_28,s2.25692,s2.472,s338.0
036_29,s2.82115,s2.472,s338.0
036_30,s0.08787,s3.43434,s158.0
036_31,s0.6521,s3.43434,s158.0
036_32,s1.21633,s3.43434,s158.0
036_33,s1.78056,s3.43434,s158.0
036_34,s2.34479,s3.43434,s158.0
036_35,s2.90902,s3.43434,s158.0
037_0,s0.0,s0.0,s338.0
037_1,s0.56423,s0.0,s338.0
037_2,s1.12846,s0.0,s338.0
037_3,s1.69269,s0.0,s338.0
037_4,s2.25692,s0.0,s338.0
037_5,s2.82115,s0.0,s338.0
037_6,s3.38538,s0.0,s338.0
037_7,s0.08787,s0.96234,s158.0
037_8,s0.6521,s0.96234,s158.0
037_9,s1.21633,s0.96234,s158.0
037_10,s1.78056,s0.96234,s158.0
037_11,s2.34479,s0.96234,s158.0
037_12,s2.90902,s0.96234,s158.0
037_13,s3.47325,s0.96234,s158.0
037_14,s0.0,s1.236,s338.0
037_15,s0.56423,s1.236,s338.0
037_16,s1.12846,s1.236,s338.0
037_17,s1.69269,s1.236,s338.0
037_18,s2.25692,s1.236,s338.0
037_19,s2.82115,s1.236,s338.0
037_20,s3.38538,s1.236,s338.0
037_21,s0.08787,s2.19834,s158.0
037_22,s0.6521,s2.19834,s158.0
037_23,s1.21633,s2.19834,s158.0
037_24,s1.78056,s2.19834,s158.0
037_25,s2.34479,s2.19834,s158.0
037_26,s2.90902,s2.19834,s158.0
037_27,s3.47325,s2.19834,s158.0
037_28,s0.0,s2.472,s338.0
037_29,s0.56423,s2.472,s338.0
037_30,s1.12846,s2.472,s338.0
037_31,s1.69269,s2.472,s338.0
037_32,s2.25692,s2.472,s338.0
037_33,s2.82115,s2.472,s338.0
037_34,s3.38538,s2.472,s338.0
037_35,s0.08787,s3.43434,s158.0
037_36,s0.6521,s3.43434,s158.0
038_0,s0.0,s0.0,s338.0
038_1,s0.56423,s0.0,s338.0
038_2,s1.12846,s0.0,s338.0
038_3,s1.69269,s0.0,s338.0
038_4,s2.25692,s0.0,s338.0
038_5,s2.82115,s0.0,s338.0
038_6,s3.38538,s0.0,s338.0
038_7,s0.08787,s0.96234,s158.0
038_8,s0.6521,s0.96234,s158.0
038_9,s1.21633,s0.96234,s158.0
038_10,s1.78056,s0.96234,s158.0
038_11,s2.34479,s0.96234,s158.0
038_12,s2.90902,s0.96234,s158.0
038_13,s3.47325,s0.96234,s158.0
038_14,s0.0,s1.236,s338.0
038_15,s0.56423,s1.236,s338.0
038_16,s1.12846,s1.236,s338.0
038_17,s1.69269,s1.236,s338.0
038_18,s2.25692,s1.236,s338.0
038_19,s2.82115,s1.236,s338.0
038_20,s3.38538,s1.236,s338.0
038_21,s0.08787,s2.19834,s158.0
038_22,s0.6521,s2.19834,s158.0
038_23,s1.21633,s2.19834,s158.0
038_24,s1.78056,s2.19834,s158.0
038_25,s2.34479,s2.19834,s158.0
038_26,s2.90902,s2.19834,s158.0
038_27,s3.47325,s2.19834,s158.0
038_28,s0.0,s2.472,s338.0
038_29,s0.56423,s2.472,s338.0
038_30,s1.12846,s2.472,s338.0
038_31,s1.69269,s2.472,s338.0
038_32,s2.25692,s2.472,s338.0
038_33,s2.82115,s2.472,s338.0
038_34,s3.38538,s2.472,s338.0
038_35,s0.08787,s3.43434,s158.0
038_36,s0.6521,s3.43434,s158.0
038_37,s1.21633,s3.43434,s158.0
039_0,s0.0,s0.0,s338.0
039_1,s0.56423,s0.0,s338.0
039_2,s1.12846,s0.0,s338.0
039_3,s1.69269,s0.0,s338.0
039_4,s2.25692,s0.0,s338.0
039_5,s2.82115,s0.0,s338.0
039_6,s3.38538,s0.0,s338.0
039_7,s0.08787,s0.96234,s158.0
039_8,s0.6521,s0.96234,s158.0
039_9,s1.21633,s0.96234,s158.0
039_10,s1.78056,s0.96234,s158.0
039_11,s2.34479,s0.96234,s158.0
039_12,s2.90902,s0.96234,s158.0
039_13,s3.47325,s0.96234,s158.0
039_14,s0.0,s1.236,s338.0
039_15,s0.56423,s1.236,s338.0
039_16,s1.12846,s1.236,s338.0
039_17,s1.69269,s1.236,s338.0
039_18,s2.25692,s1.236,s338.0
039_19,s2.82115,s1.236,s338.0
039_20,s3.38538,s1.236,s338.0
039_21,s0.08787,s2.19834,s158.0
039_22,s0.6521,s2.19834,s158.0
039_23,s1.21633,s2.19834,s158.0
039_24,s1.78056,s2.19834,s158.0
039_25,s2.34479,s2.19834,s158.0
039_26,s2.90902,s2.19834,s158.0
039_27,s3.47325,s2.19834,s158.0
039_28,s0.0,s2.472,s338.0
039_29,s0.56423,s2.472,s338.0
039_30,s1.12846,s2.472,s338.0
039_31,s1.69269,s2.472,s338.0
039_32,s2.25692,s2.472,s338.0
039_33,s2.82115,s2.472,s338.0
039_34,s3.38538,s2.472,s338.0
039_35,s0.08787,s3.43434,s158.0
039_36,s0.6521,s3.43434,s158.0
039_37,s1.21633,s3.43434,s158.0
039_38,s1.78056,s3.43434,s158.0
040_0,s0.0,s0.0,s338.0
040_1,s0.56423,s0.0,s338.0
040_2,s1.12846,s0.0,s338.0
040_3,s1.69269,s0.0,s338.0
040_4,s2.25692,s0.0,s338.0
040_5,s2.82115,s0.0,s338.0
040_6,s3.38538,s0.0,s338.0
040_7,s0.08787,s0.96234,s158.0
040_8,s0.6521,s0.96234,s158.0
040_9,s1.21633,s0.96234,s158.0
040_10,s1.78056,s0.96234,s158.0
040_11,s2.34479,s0.96234,s158.0
040_12,s2.90902,s0.96234,s158.0
040_13,s3.47325,s0.96234,s158.0
040_14,s0.0,s1.236,s338.0
040_15,s0.56423,s1.236,s338.0
040_16,s1.12846,s1.236,s338.0
040_17,s1.69269,s1.236,s338.0
040_18,s2.25692,s1.236,s338.0
040_19,s2.82115,s1.236,s338.0
040_20,s3.38538,s1.236,s338.0
040_21,s0.08787,s2.19834,s158.0
040_22,s0.6521,s2.19834,s158.0
040_23,s1.21633,s2.19834,s158.0
040_24,s1.78056,s2.19834,s158.0
040_25,s2.34479,s2.19834,s158.0
040_26,s2.90902,s2.19834,s158.0
040_27,s3.47325,s2.19834,s158.0
040_28,s0.0,s2.472,s338.0
040_29,s0.56423,s2.472,s338.0
040_30,s1.12846,s2.472,s338.0
040_31,s1.69269,s2.472,s338.0
040_32,s2.25692,s2.472,s338.0
040_33,s2.82115,s2.472,s338.0
040_34,s3.38538,s2.472,s338.0
040_35,s0.08787,s3.43434,s158.0
040_36,s0.6521,s3.43434,s158.0
040_37,s1.21633,s3.43434,s158.0
040_38,s1.78056,s3.43434,s158.0
040_39,s2.34479,s3.43434,s158.0
041_0,s0.0,s0.0,s338.0
041_1,s0.56423,s0.0,s338.0
041_2,s1.12846,s0.0,s338.0
041_3,s1.69269,s0.0,s338.0
041_4,s2.25692,s0.0,s338.0
041_5,s2.82115,s0.0,s338.0
041_6,s3.38538,s0.0,s338.0
041_7,s0.08787,s0.96234,s158.0
041_8,s0.6521,s0.96234,s158.0
041_9,s1.21633,s0.96234,s158.0
041_10,s1.78056,s0.96234,s158.0
041_11,s2.34479,s0.96234,s158.0
041_12,s2.90902,s0.96234,s158.0
041_13,s3.47325,s0.96234,s158.0
041_14,s0.0,s1.236,s338.0
041_15,s0.56423,s1.236,s338.0
041_16,s1.12846,s1.236,s338.0
041_17,s1.69269,s1.236,s338.0
041_18,s2.25692,s1.236,s338.0
041_19,s2.82115,s1.236,s338.0
041_20,s3.38538,s1.236,s338.0
041_21,s0.08787,s2.19834,s158.0
041_22,s0.6521,s2.19834,s158.0
041_23,s1.21633,s2.19834,s158.0
041_24,s1.78056,s2.19834,s158.0
041_25,s2.34479,s2.19834,s158.0
041_26,s2.90902,s2.19834,s158.0
041_27,s3.47325,s2.19834,s158.0
041_28,s0.0,s2.472,s338.0
041_29,s0.56423,s2.472,s338.0
041_30,s1.12846,s2.472,s338.0
041_31,s1.69269,s2.472,s338.0
041_32,s2.25692,s2.472,s338.0
041_33,s2.82115,s2.472,s338.0
041_34,s3.38538,s2.472,s338.0
041_35,s0.08787,s3.43434,s158.0
041_36,s0.6521,s3.43434,s158.0
041_37,s1.21633,s3.43434,s158.0
041_38,s1.78056,s3.43434,s158.0
041_39,s2.34479,s3.43434,s158.0
041_40,s2.90902,s3.43434,s158.0
042_0,s0.0,s0.0,s338.0
042_1,s0.56423,s0.0,s338.0
042_2,s1.12846,s0.0,s338.0
042_3,s1.69269,s0.0,s338.0
042_4,s2.25692,s0.0,s338.0
042_5,s2.82115,s0.0,s338.0
042_6,s3.38538,s0.0,s338.0
042_7,s0.08787,s0.96234,s158.0
042_8,s0.6521,s0.96234,s158.0
042_9,s1.21633,s0.96234,s158.0
042_10,s1.78056,s0.96234,s158.0
042_11,s2.34479,s0.96234,s158.0
042_12,s2.90902,s0.96234,s158.0
042_13,s3.47325,s0.96234,s158.0
042_14,s0.0,s1.236,s338.0
042_15,s0.56423,s1.236,s338.0
042_16,s1.12846,s1.236,s338.0
042_17,s1.69269,s1.236,s338.0
042_18,s2.25692,s1.236,s338.0
042_19,s2.82115,s1.236,s338.0
042_20,s3.38538,s1.236,s338.0
042_21,s0.08787,s2.19834,s158.0
042_22,s0.6521,s2.19834,s158.0
042_23,s1.21633,s2.19834,s158.0
042_24,s1.78056,s2.19834,s158.0
042_25,s2.34479,s2.19834,s158.0
042_26,s2.90902,s2.19834,s158.0
042_27,s3.47325,s2.19834,s158.0
042_28,s0.0,s2.472,s338.0
042_29,s0.56423,s2.472,s338.0
042_30,s1.12846,s2.472,s338.0
042_31,s1.69269,s2.472,s338.0
042_32,s2.25692,s2.472,s338.0
042_33,s2.82115,s2.472,s338.0
042_34,s3.38538,s2.472,s338.0
042_35,s0.08787,s3.43434,s158.0
042_36,s0.6521,s3.43434,s158.0
042_37,s1.21633,s3.43434,s158.0
042_38,s1.78056,s3.43434,s158.0
042_39,s2.34479,s3.43434,s158.0
042_40,s2.90902,s3.43434,s158.0
042_41,s3.47325,s3.43434,s158.0
043_0,s0.0,s0.0,s338.0
043_1,s0.56423,s0.0,s338.0
043_2,s1.12846,s0.0,s338.0
043_3,s1.69269,s0.0,s338.0
043_4,s2.25692,s0.0,s338.0
043_5,s2.82115,s0.0,s338.0
043_6,s3.38538,s0.0,s338.0
043_7,s0.08787,s0.96234,s158.0
043_8,s0.6521,s0.96234,s158.0
043_9,s1.21633,s0.96234,s158.0
043_10,s1.78056,s0.96234,s158.0
043_11,s2.34479,s0.96234,s158.0
043_12,s2.90902,s0.96234,s158.0
043_13,s3.47325,s0.96234,s158.0
043_14,s0.0,s1.236,s338.0
043_15,s0.56423,s1.236,s338.0
043_16,s1.12846,s1.236,s338.0
043_17,s1.69269,s1.236,s338.0
043_18,s2.25692,s1.236,s338.0
043_19,s2.82115,s1.236,s338.0
043_20,s3.38538,s1.236,s338.0
043_21,s0.08787,s2.19834,s158.0
043_22,s0.6521,s2.19834,s158.0
043_23,s1.21633,s2.19834,s158.0
043_24,s1.78056,s2.19834,s158.0
043_25,s2.34479,s2.19834,s158.0
043_26,s2.90902,s2.19834,s158.0
043_27,s3.47325,s2.19834,s158.0
043_28,s0.0,s2.472,s338.0
043_29,s0.56423,s2.472,s338.0
043_30,s1.12846,s2.472,s338.0
043_31,s1.69269,s2.472,s338.0
043_32,s2.25692,s2.472,s338.0
043_33,s2.82115,s2.472,s338.0
043_34,s3.38538,s2.472,s338.0
043_35,s0.08787,s3.43434,s158.0
043_36,s0.6521,s3.43434,s158.0
043_37,s1.21633,s3.43434,s158.0
043_38,s1.78056,s3.43434,s158.0
043_39,s2.34479,s3.43434,s158.0
043_40,s2.90902,s3.43434,s158.0
043_41,s3.47325,s3.43434,s158.0
043_42,s0.0,s4.002838,s260.0
044_0,s0.0,s0.0,s338.0
044_1,s0.56423,s0.0,s338.0
044_2,s1.12846,s0.0,s338.0
044_3,s1.69269,s0.0,s338.0
044_4,s2.25692,s0.0,s338.0
044_5,s2.82115,s0.0,s338.0
044_6,s3.38538,s0.0,s338.0
044_7,s0.08787,s0.96234,s158.0
044_8,s0.6521,s0.96234,s158.0
044_9,s1.21633,s0.96234,s158.0
044_10,s1.78056,s0.96234,s158.0
044_11,s2.34479,s0.96234,s158.0
044_12,s2.90902,s0.96234,s158.0
044_13,s3.47325,s0.96234,s158.0
044_14,s0.0,s1.236,s338.0
044_15,s0.56423,s1.236,s338.0
044_16,s1.12846,s1.236,s338.0
044_17,s1.69269,s1.236,s338.0
044_18,s2.25692,s1.236,s338.0
044_19,s2.82115,s1.236,s338.0
044_20,s3.38538,s1.236,s338.0
044_21,s0.08787,s2.19834,s158.0
044_22,s0.6521,s2.19834,s158.0
044_23,s1.21633,s2.19834,s158.0
044_24,s1.78056,s2.19834,s158.0
044_25,s2.34479,s2.19834,s158.0
044_26,s2.90902,s2.19834,s158.0
044_27,s3.47325,s2.19834,s158.0
044_28,s0.0,s2.472,s338.0
044_29,s0.56423,s2.472,s338.0
044_30,s1.12846,s2.472,s338.0
044_31,s1.69269,s2.472,s338.0
044_32,s2.25692,s2.472,s338.0
044_33,s2.82115,s2.472,s338.0
044_34,s3.38538,s2.472,s338.0
044_35,s0.08787,s3.43434,s158.0
044_36,s0.6521,s3.43434,s158.0
044_37,s1.21633,s3.43434,s158.0
044_38,s1.78056,s3.43434,s158.0
044_39,s2.34479,s3.43434,s158.0
044_40,s2.90902,s3.43434,s158.0
044_41,s3.47325,s3.43434,s158.0
044_42,s0.0,s4.002838,s260.0
044_43,s1.4118,s4.002838,s260.0
045_0,s0.0,s0.0,s338.0
045_1,s0.56423,s0.0,s338.0
045_2,s1.12846,s0.0,s338.0
045_3,s1.69269,s0.0,s338.0
045_4,s2.25692,s0.0,s338.0
045_5,s2.82115,s0.0,s338.0
045_6,s3.38538,s0.0,s338.0
045_7,s0.08787,s0.96234,s158.0
045_8,s0.6521,s0.96234,s158.0
045_9,s1.21633,s0.96234,s158.0
045_10,s1.78056,s0.96234,s158.0
045_11,s2.34479,s0.96234,s158.0
045_12,s2.90902,s0.96234,s158.0
045_13,s3.47325,s0.96234,s158.0
045_14,s0.0,s1.236,s338.0
045_15,s0.56423,s1.236,s338.0
045_16,s1.12846,s1.236,s338.0
045_17,s1.69269,s1.236,s338.0
045_18,s2.25692,s1.236,s338.0
045_19,s2.82115,s1.236,s338.0
045_20,s3.38538,s1.236,s338.0
045_21,s0.08787,s2.19834,s158.0
045_22,s0.6521,s2.19834,s158.0
045_23,s1.21633,s2.19834,s158.0
045_24,s1.78056,s2.19834,s158.0
045_25,s2.34479,s2.19834,s158.0
045_26,s2.90902,s2.19834,s158.0
045_27,s3.47325,s2.19834,s158.0
045_28,s0.0,s2.472,s338.0
045_29,s0.56423,s2.472,s338.0
045_30,s1.12846,s2.472,s338.0
045_31,s1.69269,s2.472,s338.0
045_32,s2.25692,s2.472,s338.0
045_33,s2.82115,s2.472,s338.0
045_34,s3.38538,s2.472,s338.0
045_35,s0.08787,s3.43434,s158.0
045_36,s0.6521,s3.43434,s158.0
045_37,s1.21633,s3.43434,s158.0
045_38,s1.78056,s3.43434,s158.0
045_39,s2.34479,s3.43434,s158.0
045_40,s2.90902,s3.43434,s158.0
045_41,s3.47325,s3.43434,s158.0
045_42,s0.0,s4.002838,s260.0
045_43,s1.4118,s4.002838,s260.0
045_44,s2.8236,s4.002838,s260.0
046_0,s0.0,s0.0,s338.0
046_1,s0.56423,s0.0,s338.0
046_2,s1.12846,s0.0,s338.0
046_3,s1.69269,s0.0,s338.0
046_4,s2.25692,s0.0,s338.0
046_5,s2.82115,s0.0,s338.0
046_6,s3.38538,s0.0,s338.0
046_7,s0.08787,s0.96234,s158.0
046_8,s0.6521,s0.96234,s158.0
046_9,s1.21633,s0.96234,s158.0
046_10,s1.78056,s0.96234,s158.0
046_11,s2.34479,s0.96234,s158.0
046_12,s2.90902,s0.96234,s158.0
046_13,s3.47325,s0.96234,s158.0
046_14,s0.0,s1.236,s338.0
046_15,s0.56423,s1.236,s338.0
046_16,s1.12846,s1.236,s338.0
046_17,s1.69269,s1.236,s338.0
046_18,s2.25692,s1.236,s338.0
046_19,s2.82115,s1.236,s338.0
046_20,s3.38538,s1.236,s338.0
046_21,s0.08787,s2.19834,s158.0
046_22,s0.6521,s2.19834,s158.0
046_23,s1.21633,s2.19834,s158.0
046_24,s1.78056,s2.19834,s158.0
046_25,s2.34479,s2.19834,s158.0
046_26,s2.90902,s2.19834,s158.0
046_27,s3.47325,s2.19834,s158.0
046_28,s0.0,s2.472,s338.0
046_29,s0.56423,s2.472,s338.0
046_30,s1.12846,s2.472,s338.0
046_31,s1.69269,s2.472,s338.0
046_32,s2.25692,s2.472,s338.0
046_33,s2.82115,s2.472,s338.0
046_34,s3.38538,s2.472,s338.0
046_35,s0.08787,s3.43434,s158.0
046_36,s0.6521,s3.43434,s158.0
046_37,s1.21633,s3.43434,s158.0
046_38,s1.78056,s3.43434,s158.0
046_39,s2.34479,s3.43434,s158.0
046_40,s2.90902,s3.43434,s158.0
046_41,s3.47325,s3.43434,s158.0
046_42,s0.0,s4.002838,s260.0
046_43,s1.4118,s4.002838,s260.0
046_44,s2.8236,s4.002838,s260.0
046_45,s0.97087,s4.105178,s80.0
047_0,s0.0,s0.0,s338.0
047_1,s0.56423,s0.0,s338.0
047_2,s1.12846,s0.0,s338.0
047_3,s1.69269,s0.0,s338.0
047_4,s2.25692,s0.0,s338.0
047_5,s2.82115,s0.0,s338.0
047_6,s3.38538,s0.0,s338.0
047_7,s0.08787,s0.96234,s158.0
047_8,s0.6521,s0.96234,s158.0
047_9,s1.21633,s0.96234,s158.0
047_10,s1.78056,s0.96234,s158.0
047_11,s2.34479,s0.96234,s158.0
047_12,s2.90902,s0.96234,s158.0
047_13,s3.47325,s0.96234,s158.0
047_14,s0.0,s1.236,s338.0
047_15,s0.56423,s1.236,s338.0
047_16,s1.12846,s1.236,s338.0
047_17,s1.69269,s1.236,s338.0
047_18,s2.25692,s1.236,s338.0
047_19,s2.82115,s1.236,s338.0
047_20,s3.38538,s1.236,s338.0
047_21,s0.08787,s2.19834,s158.0
047_22,s0.6521,s2.19834,s158.0
047_23,s1.21633,s2.19834,s158.0
047_24,s1.78056,s2.19834,s158.0
047_25,s2.34479,s2.19834,s158.0
047_26,s2.90902,s2.19834,s158.0
047_27,s3.47325,s2.19834,s158.0
047_28,s0.0,s2.472,s338.0
047_29,s0.56423,s2.472,s338.0
047_30,s1.12846,s2.472,s338.0
047_31,s1.69269,s2.472,s338.0
047_32,s2.25692,s2.472,s338.0
047_33,s2.82115,s2.472,s338.0
047_34,s3.38538,s2.472,s338.0
047_35,s0.08787,s3.43434,s158.0
047_36,s0.6521,s3.43434,s158.0
047_37,s1.21633,s3.43434,s158.0
047_38,s1.78056,s3.43434,s158.0
047_39,s2.34479,s3.43434,s158.0
047_40,s2.90902,s3.43434,s158.0
047_41,s3.47325,s3.43434,s158.0
047_42,s0.0,s4.002838,s260.0
047_43,s1.4118,s4.002838,s260.0
047_44,s2.8236,s4.002838,s260.0
047_45,s0.97087,s4.105178,s80.0
047_46,s2.38267,s4.105178,s80.0
048_0,s0.0,s0.0,s338.0
048_1,s0.56423,s0.0,s338.0
048_2,s1.12846,s0.0,s338.0
048_3,s1.69269,s0.0,s338.0
048_4,s2.25692,s0.0,s338.0
048_5,s2.82115,s0.0,s338.0
048_6,s3.38538,s0.0,s338.0
048_7,s0.08787,s0.96234,s158.0
048_8,s0.6521,s0.96234,s158.0
048_9,s1.21633,s0.96234,s158.0
048_10,s1.78056,s0.96234,s158.0
048_11,s2.34479,s0.96234,s158.0
048_12,s2.90902,s0.96234,s158.0
048_13,s3.47325,s0.96234,s158.0
048_14,s0.0,s1.236,s338.0
048_15,s0.56423,s1.236,s338.0
048_16,s1.12846,s1.236,s338.0
048_17,s1.69269,s1.236,s338.0
048_18,s2.25692,s1.236,s338.0
048_19,s2.82115,s1.236,s338.0
048_20,s3.38538,s1.236,s338.0
048_21,s0.08787,s2.19834,s158.0
048_22,s0.6521,s2.19834,s158.0
048_23,s1.21633,s2.19834,s158.0
048_24,s1.78056,s2.19834,s158.0
048_25,s2.34479,s2.19834,s158.0
048_26,s2.90902,s2.19834,s158.0
048_27,s3.47325,s2.19834,s158.0
048_28,s0.0,s2.472,s338.0
048_29,s0.56423,s2.472,s338.0
048_30,s1.12846,s2.472,s338.0
048_31,s1.69269,s2.472,s338.0
048_32,s2.25692,s2.472,s338.0
048_33,s2.82115,s2.472,s338.0
048_34,s3.38538,s2.472,s338.0
048_35,s0.08787,s3.43434,s158.0
048_36,s0.6521,s3.43434,s158.0
048_37,s1.21633,s3.43434,s158.0
048_38,s1.78056,s3.43434,s158.0
048_39,s2.34479,s3.43434,s158.0
048_40,s2.90902,s3.43434,s158.0
048_41,s3.47325,s3.43434,s158.0
048_42,s0.0,s4.002838,s260.0
048_43,s1.4118,s4.002838,s260.0
048_44,s2.8236,s4.002838,s260.0
048_45,s0.97087,s4.105178,s80.0
048_46,s2.38267,s4.105178,s80.0
048_47,s3.79447,s4.105178,s80.0
049_0,s0.0,s0.0,s338.0
049_1,s0.56423,s0.0,s338.0
049_2,s1.12846,s0.0,s338.0
049_3,s1.69269,s0.0,s338.0
049_4,s2.25692,s0.0,s338.0
049_5,s2.82115,s0.0,s338.0
049_6,s3.38538,s0.0,s338.0
049_7,s0.08787,s0.96234,s158.0
049_8,s0.6521,s0.96234,s158.0
049_9,s1.21633,s0.96234,s158.0
049_10,s1.78056,s0.96234,s158.0
049_11,s2.34479,s0.96234,s158.0
049_12,s2.90902,s0.96234,s158.0
049_13,s3.47325,s0.96234,s158.0
049_14,s0.0,s1.236,s338.0
049_15,s0.56423,s1.236,s338.0
049_16,s1.12846,s1.236,s338.0
049_17,s1.69269,s1.236,s338.0
049_18,s2.25692,s1.236,s338.0
049_19,s2.82115,s1.236,s338.0
049_20,s3.38538,s1.236,s338.0
049_21,s0.08787,s2.19834,s158.0
049_22,s0.6521,s2.19834,s158.0
049_23,s1.21633,s2.19834,s158.0
049_24,s1.78056,s2.19834,s158.0
049_25,s2.34479,s2.19834,s158.0
049_26,s2.90902,s2.19834,s158.0
049_27,s3.47325,s2.19834,s158.0
049_28,s0.0,s2.472,s338.0
049_29,s0.56423,s2.472,s338.0
049_30,s1.12846,s2.472,s338.0
049_31,s1.69269,s2.472,s338.0
049_32,s2.25692,s2.472,s338.0
049_33,s2.82115,s2.472,s338.0
049_34,s3.38538,s2.472,s338.0
049_35,s0.08787,s3.43434,s158.0
049_36,s0.6521,s3.43434,s158.0
049_37,s1.21633,s3.43434,s158.0
049_38,s1.78056,s3.43434,s158.0
049_39,s2.34479,s3.43434,s158.0
049_40,s2.90902,s3.43434,s158.0
049_41,s3.47325,s3.43434,s158.0
049_42,s0.0,s3.708,s338.0
049_43,s0.56423,s3.708,s338.0
049_44,s1.12846,s3.708,s338.0
049_45,s1.69269,s3.708,s338.0
049_46,s2.25692,s3.708,s338.0
049_47,s2.82115,s3.708,s338.0
049_48,s3.38538,s3.708,s338.0
050_0,s0.0,s0.0,s338.0
050_1,s0.56423,s0.0,s338.0
050_2,s1.12846,s0.0,s338.0
050_3,s1.69269,s0.0,s338.0
050_4,s2.25692,s0.0,s338.0
050_5,s2.82115,s0.0,s338.0
050_6,s3.38538,s0.0,s338.0
050_7,s3.94961,s0.0,s338.0
050_8,s0.08787,s0.96234,s158.0
050_9,s0.6521,s0.96234,s158.0
050_10,s1.21633,s0.96234,s158.0
050_11,s1.78056,s0.96234,s158.0
050_12,s2.34479,s0.96234,s158.0
050_13,s2.90902,s0.96234,s158.0
050_14,s3.47325,s0.96234,s158.0
050_15,s4.03748,s0.96234,s158.0
050_16,s0.0,s1.236,s338.0
050_17,s0.56423,s1.236,s338.0
050_18,s1.12846,s1.236,s338.0
050_19,s1.69269,s1.236,s338.0
050_20,s2.25692,s1.236,s338.0
050_21,s2.82115,s1.236,s338.0
050_22,s3.38538,s1.236,s338.0
050_23,s3.94961,s1.236,s338.0
050_24,s0.08787,s2.19834,s158.0
050_25,s0.6521,s2.19834,s158.0
050_26,s1.21633,s2.19834,s158.0
050_27,s1.78056,s2.19834,s158.0
050_28,s2.34479,s2.19834,s158.0
050_29,s2.90902,s2.19834,s158.0
050_30,s3.47325,s2.19834,s158.0
050_31,s4.03748,s2.19834,s158.0
050_32,s0.0,s2.472,s338.0
050_33,s0.56423,s2.472,s338.0
050_34,s1.12846,s2.472,s338.0
050_35,s1.69269,s2.472,s338.0
050_36,s2.25692,s2.472,s338.0
050_37,s2.82115,s2.472,s338.0
050_38,s3.38538,s2.472,s338.0
050_39,s3.94961,s2.472,s338.0
050_40,s0.08787,s3.43434,s158.0
050_41,s0.6521,s3.43434,s158.0
050_42,s1.21633,s3.43434,s158.0
050_43,s1.78056,s3.43434,s158.0
050_44,s2.34479,s3.43434,s158.0
050_45,s2.90902,s3.43434,s158.0
050_46,s3.47325,s3.43434,s158.0
050_47,s4.03748,s3.43434,s158.0
050_48,s0.0,s4.002838,s260.0
050_49,s1.4118,s4.002838,s260.0
